Time,MemOccupy %Free,CpuTotalUsage(%),Little CPU Freq(Hz),Big CPU Freq(Hz),GPU Utilization(%),GPUBandwidth(MB/s),Current(mA),Temperature(C),Volatge(V),Power(W),cpu0 util,cpu1 util,cpu2 util,cpu3 util,LITTLE util,cpu4 util,cpu5 util,cpu6 util,cpu7 util,Big util
15:28:28 000,0.03,0.25,1709000,2362000,13,17913,-1494,310,4.226509,-6.31,0.05,0.05,0.05,0.05,0.21,0.02,0.01,0.01,0.01,0.04
15:28:28 125,0.03,57.84,1844000,2362000,16,17913,-1712,310,4.211972,-7.21,4.9,1.96,6.86,7.84,21.57,8.82,6.86,8.82,7.84,32.35
15:28:28 256,0.03,54.55,1402000,2362000,16,17913,-1649,310,4.215947,-6.95,6.06,5.05,4.04,6.06,21.21,8.08,11.11,8.08,9.09,36.36
15:28:28 381,0.03,55.79,1709000,2362000,14,17913,-1561,310,4.220843,-6.59,5.26,3.16,7.37,6.32,22.11,9.47,9.47,6.32,7.37,32.63
15:28:28 520,0.03,47.22,1402000,2362000,5,17913,-1521,310,4.222721,-6.42,3.7,2.78,5.56,5.56,17.59,10.19,5.56,5.56,6.48,27.78
15:28:28 647,0.03,36.79,1844000,2362000,14,17913,-1150,310,4.246077,-4.88,6.6,6.6,9.43,7.55,30.19,8.49,0,0,0,8.49
15:28:28 773,0.03,14.29,1402000,2362000,7,17913,-650,310,4.276854,-2.78,3.3,2.2,3.3,4.4,13.19,0,0,0,1.1,1.1
15:28:28 901,0.03,22.64,1709000,903000,8,6576,-533,310,4.284813,-2.28,6.6,6.6,5.66,5.66,24.53,0,0,0,0,0
15:28:29 028,0.03,29.17,1844000,1805000,23,6576,-417,310,4.292348,-1.79,6.25,7.29,7.29,4.17,25,1.04,2.08,0,1.04,4.17
15:28:29 156,0.03,45.28,1844000,2362000,18,17913,-483,310,4.275193,-2.06,9.43,9.43,9.43,6.6,34.91,0,0.94,10.38,0,11.32
15:28:29 274,0.03,50,1844000,2362000,10,17913,-1208,310,4.244217,-5.13,2.08,5.21,5.21,3.12,15.62,5.21,6.25,12.5,7.29,31.25
15:28:29 399,0.03,53.68,999000,2362000,18,17913,-1513,310,4.224533,-6.39,4.21,5.26,4.21,5.26,18.95,8.42,7.37,11.58,8.42,35.79
15:28:29 514,0.03,57.43,1844000,2362000,14,17913,-1720,310,4.210609,-7.24,5.94,5.94,6.93,5.94,24.75,7.92,8.91,6.93,8.91,32.67
15:28:29 646,0.03,53.12,1402000,2362000,6,17913,-1570,310,4.220178,-6.63,3.12,2.08,4.17,6.25,15.62,9.38,10.42,9.38,10.42,39.58
15:28:29 772,0.03,50.94,1709000,2362000,15,17913,-1445,310,4.22748,-6.11,2.83,2.83,4.72,5.66,16.04,9.43,8.49,9.43,7.55,34.91
15:28:29 898,0.03,50.51,999000,2362000,7,17913,-1543,310,4.221272,-6.51,3.03,5.05,5.05,5.05,18.18,10.1,7.07,6.06,7.07,30.3
15:28:30 025,0.03,48.42,1709000,2362000,11,17913,-1474,310,4.225091,-6.23,10.53,5.26,7.37,7.37,30.53,11.58,2.11,3.16,2.11,18.95
15:28:30 145,0.03,20.19,1844000,2362000,7,17913,-665,310,4.275673,-2.84,3.85,4.81,3.85,3.85,16.35,0,0,0,0,0
15:28:30 267,0.03,15.05,999000,903000,14,11942,-568,310,4.282131,-2.43,4.3,4.3,4.3,4.3,17.2,0,1.08,0,0,1.08
15:28:30 402,0.03,25,1709000,903000,13,6576,-405,310,4.292486,-1.74,4.17,5.21,7.29,7.29,23.96,0,0,0,0,0
15:28:30 523,0.03,32.11,1844000,1805000,16,6576,-352,310,4.29627,-1.51,5.5,4.59,6.42,10.09,26.61,2.75,0.92,0,1.83,5.5
15:28:30 660,0.03,48.15,1844000,2362000,14,17913,-525,310,4.285952,-2.25,11.11,8.33,6.48,10.19,36.11,0,0,0,12.04,12.04
15:28:30 778,0.03,48.96,1844000,2362000,5,17913,-844,310,4.266184,-3.6,3.12,5.21,6.25,7.29,21.88,5.21,5.21,5.21,12.5,28.12
15:28:30 897,0.03,52.13,1844000,2362000,8,17913,-1336,310,4.235422,-5.66,4.26,6.38,3.19,2.13,15.96,9.57,8.51,9.57,9.57,37.23
15:28:31 011,0.03,53.49,1709000,2362000,14,17913,-1657,310,4.215032,-6.98,2.33,6.98,4.65,6.98,20.93,8.14,8.14,6.98,8.14,31.4
15:28:31 133,0.03,55,1402000,2362000,15,17913,-1590,310,4.218005,-6.71,3,5,6,4,18,9,9,10,10,38
15:28:31 255,0.03,52.17,1402000,2362000,8,17913,-1485,310,4.224479,-6.27,3.26,3.26,4.35,5.43,16.3,8.7,7.61,9.78,9.78,35.87
15:28:31 373,0.03,53,1709000,2362000,8,17913,-1556,310,4.219814,-6.57,5,5,5,6,21,6,6,8,10,30
15:28:31 511,0.03,43.18,1402000,2362000,14,17913,-1387,310,4.229789,-5.87,4.55,5.68,4.55,10.23,25,10.23,2.27,1.14,4.55,18.18
15:28:31 629,0.03,29.91,1844000,2362000,12,17913,-869,310,4.261894,-3.7,5.61,7.48,6.54,5.61,25.23,4.67,0,0.93,0,5.61
15:28:31 756,0.03,17.71,999000,903000,16,10243,-631,310,4.276809,-2.7,3.12,4.17,5.21,6.25,18.75,0,0,0,0,0
15:28:31 883,0.03,25.71,1402000,903000,24,6576,-452,310,4.28832,-1.94,3.81,4.76,6.67,8.57,23.81,0,0.95,0,0,0.95
15:28:32 025,0.03,30.21,1844000,2362000,9,11942,-363,310,4.294312,-1.56,9.38,4.17,3.12,7.29,23.96,7.29,0,0,1.04,8.33
15:28:32 150,0.03,51.3,1844000,2362000,10,17913,-846,310,4.265337,-3.61,6.96,7.83,11.3,8.7,34.78,11.3,1.74,0.87,0.87,14.78
15:28:32 273,0.03,47.52,1709000,2362000,5,17913,-1167,310,4.245396,-4.95,6.93,5.94,6.93,2.97,22.77,11.88,4.95,4.95,3.96,25.74
15:28:32 387,0.03,55.91,1844000,2362000,7,17913,-1340,310,4.234179,-5.67,5.38,7.53,5.38,5.38,23.66,9.68,6.45,7.53,7.53,31.18
15:28:32 511,0.03,51.06,1844000,2362000,10,17913,-1795,310,4.205374,-7.55,3.19,3.19,5.32,7.45,19.15,6.38,8.51,7.45,8.51,30.85
15:28:32 628,0.03,50,1402000,2362000,5,17913,-1583,310,4.217823,-6.68,2.22,3.33,4.44,5.56,15.56,10,8.89,8.89,8.89,36.67
15:28:32 751,0.03,50.54,1709000,2362000,16,17913,-1561,310,4.218821,-6.59,3.23,3.23,5.38,5.38,17.2,10.75,5.38,6.45,8.6,31.18
15:28:32 878,0.03,48.6,1844000,2362000,8,17913,-1444,330,4.226107,-6.1,4.67,4.67,3.74,4.67,17.76,6.54,9.35,8.41,7.48,31.78
15:28:33 000,0.03,47.87,1709000,2362000,14,17913,-1099,330,4.246771,-4.67,9.57,7.45,8.51,5.32,30.85,1.06,11.7,1.06,2.13,15.96
15:28:33 125,0.03,27.45,1709000,2362000,16,17913,-800,330,4.265488,-3.41,5.88,4.9,5.88,5.88,22.55,0,3.92,0,0,3.92
15:28:33 245,0.03,14.29,999000,2362000,5,17913,-575,330,4.279844,-2.46,3.3,4.4,4.4,2.2,14.29,0,0,0,0,0
15:28:33 394,0.03,21.9,1402000,903000,7,11942,-523,330,4.283654,-2.24,2.86,4.76,5.71,7.62,20.95,0,0,0,0,0
15:28:33 532,0.03,29.41,1844000,903000,24,6576,-408,330,4.290543,-1.75,8.4,3.36,8.4,6.72,26.89,0.84,1.68,0.84,0,3.36
15:28:33 660,0.03,46.53,1844000,2362000,15,11942,-431,330,4.274491,-1.84,9.9,7.92,7.92,9.9,35.64,9.9,0.99,0.99,0,11.88
15:28:33 775,0.03,51.46,1844000,2362000,6,17913,-973,330,4.256067,-4.14,7.77,6.8,9.71,5.83,30.1,12.62,2.91,2.91,2.91,21.36
15:28:33 890,0.03,45.45,1844000,2362000,20,17913,-1361,330,4.232031,-5.76,5.68,2.27,2.27,5.68,15.91,12.5,6.82,4.55,4.55,28.41
15:28:34 013,0.03,55.68,1402000,2362000,14,17913,-1709,330,4.210323,-7.2,4.55,2.27,5.68,5.68,18.18,9.09,10.23,10.23,10.23,39.77
15:28:34 131,0.03,49.45,1709000,2362000,7,17913,-1551,330,4.218787,-6.54,7.69,5.49,4.4,5.49,23.08,7.69,5.49,6.59,5.49,25.27
15:28:34 246,0.03,52.22,1709000,2362000,6,17913,-1614,330,4.215037,-6.8,2.22,4.44,3.33,5.56,15.56,8.89,8.89,11.11,7.78,36.67
15:28:34 362,0.03,48.91,1709000,2362000,8,17913,-1471,330,4.224115,-6.21,5.43,1.09,3.26,3.26,13.04,9.78,9.78,8.7,8.7,36.96
15:28:34 483,0.03,48.42,1709000,2362000,8,17913,-1591,330,4.216459,-6.71,3.16,5.26,3.16,4.21,15.79,6.32,6.32,9.47,7.37,29.47
15:28:34 604,0.03,41.84,1709000,2362000,6,17913,-1411,330,4.227269,-5.96,8.16,5.1,6.12,6.12,25.51,3.06,3.06,9.18,2.04,17.35
15:28:34 718,0.03,15.56,1709000,2362000,8,17913,-858,330,4.261159,-3.66,7.78,1.11,4.44,4.44,17.78,0,0,0,0,0
15:28:34 841,0.03,12.5,1402000,903000,11,17913,-560,330,4.279902,-2.4,1.14,4.55,4.55,1.14,11.36,0,0,0,0,0
15:28:34 963,0.03,26.92,1844000,1805000,14,10243,-509,330,4.283516,-2.18,6.73,6.73,5.77,3.85,23.08,0,0,0.96,1.92,2.88
15:28:35 084,0.03,35.42,1844000,2362000,24,10243,-446,330,4.278352,-1.91,10.42,5.21,6.25,7.29,29.17,0,0,0,6.25,6.25
15:28:35 205,0.03,51.58,1844000,2362000,7,17913,-877,330,4.261878,-3.74,7.37,8.42,9.47,8.42,33.68,3.16,3.16,0,13.68,20
15:28:35 321,0.03,46.67,1844000,2362000,14,17913,-1373,330,4.230547,-5.81,4.44,4.44,3.33,5.56,17.78,6.67,4.44,5.56,11.11,27.78
15:28:35 442,0.03,54.35,1402000,2362000,14,17913,-1709,330,4.209649,-7.19,4.35,2.17,4.35,3.26,14.13,10.87,10.87,8.7,10.87,41.3
15:28:35 563,0.03,52.48,1844000,2362000,6,17913,-1627,330,4.213803,-6.86,4.95,4.95,1.98,7.92,19.8,7.92,7.92,8.91,6.93,31.68
15:28:35 680,0.03,53.06,1709000,2362000,7,17913,-1616,330,4.21419,-6.81,8.16,2.04,4.08,4.08,18.37,10.2,8.16,10.2,8.16,36.73
15:28:35 797,0.03,50,1709000,2362000,8,17913,-1478,330,4.222726,-6.24,3.26,3.26,4.35,3.26,14.13,8.7,7.61,8.7,9.78,34.78
15:28:35 922,0.03,46.24,999000,2362000,15,17913,-1512,330,4.220466,-6.38,4.3,1.08,3.23,3.23,11.83,7.53,8.6,7.53,9.68,33.33
15:28:36 038,0.03,41.05,1709000,2362000,22,17913,-1402,330,4.227035,-5.93,8.42,6.32,8.42,8.42,31.58,0,1.05,1.05,9.47,11.58
15:28:36 153,0.03,13.33,1709000,2362000,4,17913,-922,330,4.256537,-3.92,2.22,3.33,3.33,3.33,12.22,0,0,0,0,0
15:28:36 276,0.03,15.38,1709000,903000,14,10243,-547,330,4.280238,-2.34,6.59,2.2,4.4,4.4,17.58,0,0,0,0,0
15:28:36 405,0.03,28.3,1844000,903000,12,6576,-500,330,4.283282,-2.14,8.49,4.72,5.66,4.72,23.58,0.94,0,0,1.89,2.83
15:28:36 553,0.03,34.55,1844000,2362000,9,11942,-518,330,4.283076,-2.22,4.55,7.27,9.09,5.45,26.36,0.91,0,8.18,0,9.09
15:28:36 678,0.03,49.09,1844000,2362000,8,17913,-812,330,4.265127,-3.46,6.36,7.27,7.27,6.36,27.27,3.64,2.73,11.82,2.73,20.91
15:28:36 799,0.03,47.83,1844000,2362000,14,17913,-1317,330,4.233357,-5.58,9.78,6.52,7.61,6.52,30.43,1.09,0,13.04,3.26,17.39
15:28:36 912,0.03,57.61,1844000,2362000,14,17913,-1117,330,4.245219,-4.74,7.61,4.35,6.52,3.26,21.74,8.7,8.7,8.7,9.78,35.87
15:28:37 040,0.03,52.69,1844000,2362000,9,17913,-1845,330,4.200613,-7.75,2.15,8.6,4.3,4.3,19.35,8.6,8.6,8.6,7.53,33.33
15:28:37 170,0.03,54.13,1709000,2362000,10,17913,-1556,330,4.217121,-6.56,5.5,1.83,4.59,9.17,21.1,8.26,8.26,8.26,8.26,33.03
15:28:37 293,0.03,54,1402000,2362000,7,17913,-1575,330,4.216268,-6.64,5,5,4,2,16,9,7,12,9,37
15:28:37 409,0.03,47.92,1402000,2362000,13,17913,-1535,330,4.218371,-6.48,4.17,3.12,3.12,6.25,16.67,9.38,9.38,6.25,7.29,32.29
15:28:37 531,0.03,46.88,1709000,2362000,14,17913,-1183,330,4.239526,-5.02,6.25,8.33,8.33,8.33,31.25,1.04,10.42,1.04,2.08,14.58
15:28:37 648,0.03,17.02,1709000,2362000,7,17913,-758,330,4.266192,-3.23,5.32,4.26,3.19,3.19,15.96,0,2.13,0,0,2.13
15:28:37 762,0.03,15.38,1709000,903000,7,17913,-566,330,4.278711,-2.42,5.49,4.4,1.1,3.3,14.29,0,0,0,0,0
15:28:37 881,0.03,24.73,1844000,903000,16,6576,-509,330,4.282393,-2.18,4.3,7.53,8.6,2.15,22.58,1.08,2.15,0,0,3.23
15:28:38 014,0.03,41.75,1844000,2362000,14,11942,-484,330,4.284437,-2.07,6.8,7.77,6.8,6.8,28.16,0,10.68,0,0,10.68
15:28:38 128,0.03,48.94,1844000,2362000,12,17913,-812,330,4.264453,-3.46,6.38,6.38,6.38,8.51,27.66,3.19,12.77,2.13,3.19,21.28
15:28:38 256,0.03,48.28,1844000,2362000,25,17913,-1245,330,4.237771,-5.28,3.45,5.75,2.3,4.6,16.09,8.05,12.64,6.9,6.9,34.48
15:28:38 373,0.03,56.31,1844000,2362000,11,17913,-1600,330,4.215121,-6.74,5.83,3.88,7.77,4.85,22.33,8.74,7.77,7.77,8.74,33.01
15:28:38 490,0.03,53.68,1844000,2362000,11,17913,-1630,330,4.212309,-6.87,3.16,2.11,4.21,7.37,16.84,10.53,9.47,8.42,6.32,34.74
15:28:38 613,0.03,49.43,1402000,2362000,8,17913,-1592,330,4.214689,-6.71,3.45,5.75,2.3,3.45,14.94,10.34,9.2,9.2,9.2,37.93
15:28:38 727,0.03,46.24,1709000,2362000,7,17913,-1467,330,4.222215,-6.19,3.23,4.3,3.23,4.3,15.05,8.6,5.38,10.75,6.45,31.18
15:28:38 843,0.03,44.09,1402000,2362000,2,17913,-1519,330,4.218628,-6.41,4.3,2.15,2.15,4.3,12.9,10.75,5.38,5.38,8.6,30.11
15:28:38 957,0.03,34.88,1709000,2362000,7,17913,-1130,330,4.242189,-4.79,6.98,6.98,8.14,6.98,29.07,8.14,0,1.16,0,9.3
15:28:39 076,0.03,15.38,1709000,2362000,13,17913,-660,330,4.271951,-2.82,3.3,4.4,3.3,3.3,14.29,0,0,0,0,0
15:28:39 202,0.03,21.78,1402000,2362000,14,17913,-542,330,4.280108,-2.32,3.96,4.95,4.95,5.94,19.8,0,0,0,0,0
15:28:39 348,0.03,30,1402000,1805000,3,6576,-561,330,4.278806,-2.4,10,2.73,7.27,7.27,27.27,3.64,0,0,0.91,4.55
15:28:39 492,0.03,47.93,1844000,2362000,8,11942,-483,330,4.283737,-2.07,8.26,7.44,9.92,10.74,36.36,0,9.09,0.83,0.83,10.74
15:28:39 617,0.03,48.94,1844000,2362000,13,17913,-1219,330,4.239339,-5.17,3.19,6.38,7.45,4.26,21.28,4.26,12.77,4.26,4.26,25.53
15:28:39 737,0.03,54.08,999000,2362000,25,17913,-1527,330,4.219509,-6.44,4.08,4.08,5.1,4.08,17.35,9.18,11.22,9.18,10.2,39.8
15:28:39 852,0.03,54.17,1844000,2362000,12,17913,-1749,330,4.204627,-7.35,5.21,6.25,4.17,4.17,19.79,8.33,8.33,7.29,8.33,32.29
15:28:39 968,0.03,48.31,1844000,2362000,7,17913,-1596,330,4.214344,-6.73,4.49,2.25,3.37,5.62,15.73,7.87,10.11,8.99,6.74,33.71
15:28:40 088,0.03,54.55,1709000,2362000,7,17913,-1585,330,4.214731,-6.68,5.05,6.06,7.07,3.03,21.21,7.07,8.08,7.07,10.1,32.32
15:28:40 203,0.03,47.13,1709000,2362000,9,17913,-1497,330,4.219628,-6.32,3.45,2.3,3.45,6.9,16.09,10.34,5.75,8.05,8.05,32.18
15:28:40 344,0.03,43.16,1709000,2362000,16,17913,-1523,330,4.218059,-6.42,5.26,5.26,7.37,4.21,22.11,3.16,3.16,11.58,5.26,23.16
15:28:40 460,0.03,18.87,1709000,2362000,7,17913,-1187,330,4.238283,-5.03,3.77,2.83,2.83,6.6,16.04,0,0,0.94,0,0.94
15:28:40 586,0.03,17.2,999000,2362000,13,17913,-555,330,4.278201,-2.37,2.15,4.3,5.38,6.45,18.28,0,0,0,0,0
15:28:40 734,0.03,25.89,1709000,903000,14,11942,-539,330,4.279581,-2.31,9.82,4.46,6.25,7.14,27.68,0,0,0,0,0
15:28:40 855,0.03,33.64,1844000,2362000,19,6576,-488,330,4.282744,-2.09,7.27,5.45,6.36,7.27,26.36,0,4.55,0.91,0,5.45
15:28:40 985,0.03,48.45,1844000,2362000,15,17913,-571,330,4.278392,-2.44,10.31,9.28,10.31,8.25,38.14,0,2.06,0,9.28,11.34
15:28:41 105,0.03,49.51,1844000,2362000,14,17913,-884,330,4.259141,-3.77,4.85,5.83,5.83,6.8,23.3,5.83,3.88,5.83,12.62,28.16
15:28:41 218,0.03,54.35,1844000,2362000,8,17913,-1342,330,4.230864,-5.68,4.35,6.52,5.43,4.35,20.65,6.52,7.61,7.61,9.78,31.52
15:28:41 342,0.03,52.27,1844000,2362000,11,17913,-1627,330,4.21268,-6.85,3.41,4.55,5.68,4.55,18.18,10.23,9.09,7.95,7.95,35.23
15:28:41 458,0.03,51.46,1844000,2362000,7,17913,-1655,330,4.209816,-6.97,0.97,2.91,3.88,4.85,12.62,8.74,10.68,9.71,8.74,37.86
15:28:41 574,0.03,49.43,1844000,2362000,14,17913,-1611,330,4.212264,-6.79,3.45,3.45,3.45,3.45,13.79,8.05,5.75,10.34,9.2,33.33
15:28:41 690,0.03,45.98,1709000,2362000,12,17913,-1586,330,4.213859,-6.68,4.6,2.3,4.6,4.6,16.09,8.05,8.05,9.2,8.05,33.33
15:28:41 819,0.03,47.12,1709000,2362000,14,17913,-1410,330,4.224325,-5.96,7.69,5.77,4.81,7.69,25.96,2.88,2.88,3.85,10.58,20.19
15:28:41 932,0.03,32.26,1844000,2362000,14,17913,-955,330,4.252681,-4.06,6.45,5.38,7.53,6.45,25.81,0,0,0,4.3,4.3
15:28:42 053,0.03,14.29,1402000,903000,8,17913,-627,330,4.273113,-2.68,2.2,2.2,5.49,3.3,13.19,0,0,0,1.1,1.1
15:28:42 177,0.03,23.76,1709000,903000,17,6576,-496,330,4.281831,-2.12,4.95,5.94,4.95,6.93,22.77,0,0,0,0,0
15:28:42 296,0.03,30.53,1844000,2362000,1,10243,-404,330,4.287969,-1.73,6.32,6.32,8.42,7.37,28.42,0,1.05,0,4.21,5.26
15:28:42 419,0.03,49.47,1844000,2362000,5,17913,-606,330,4.276159,-2.59,9.47,7.37,10.53,8.42,35.79,0,10.53,1.05,0,11.58
15:28:42 537,0.03,51.52,1844000,2362000,7,17913,-965,330,4.253838,-4.1,6.06,6.06,7.07,4.04,23.23,5.05,12.12,6.06,5.05,28.28
15:28:42 653,0.03,50,1709000,2362000,20,17913,-1350,330,4.229724,-5.71,4.44,4.44,4.44,5.56,18.89,5.56,12.22,7.78,6.67,32.22
15:28:42 777,0.03,52.75,1844000,2362000,10,17913,-1626,330,4.212205,-6.85,6.59,4.4,3.3,7.69,21.98,7.69,8.79,6.59,6.59,29.67
15:28:42 900,0.03,52.94,1402000,2362000,14,17913,-1627,330,4.211334,-6.85,2.94,2.94,4.9,2.94,13.73,9.8,9.8,10.78,9.8,40.2
15:28:43 016,0.03,49.45,1709000,2362000,7,17913,-1513,330,4.217799,-6.38,2.2,6.59,3.3,5.49,17.58,6.59,7.69,8.79,8.79,31.87
15:28:43 143,0.03,48.39,1844000,2362000,11,17913,-1536,330,4.216151,-6.48,3.23,3.23,4.3,3.23,13.98,6.45,8.6,8.6,8.6,32.26
15:28:43 266,0.03,42,1844000,2362000,10,17913,-1527,330,4.216367,-6.44,4,4,5,6,19,5,7,11,4,27
15:28:43 386,0.03,22.92,1844000,2362000,7,17913,-1164,330,4.238358,-4.93,5.21,4.17,6.25,4.17,19.79,0,0,2.08,0,2.08
15:28:43 501,0.03,15.79,1844000,2362000,12,17913,-631,330,4.272095,-2.7,3.16,2.11,4.21,4.21,13.68,0,0,0,0,0
15:28:43 615,0.03,18.89,1709000,903000,14,17913,-595,330,4.274751,-2.54,6.67,6.67,3.33,3.33,20,1.11,0,0,0,1.11
15:28:43 752,0.03,32.99,1844000,2362000,17,10243,-562,330,4.27726,-2.4,5.15,6.19,5.15,7.22,23.71,0,0,1.03,8.25,9.28
15:28:43 871,0.03,51.43,1844000,2362000,12,17913,-696,330,4.256519,-2.96,9.52,7.62,9.52,9.52,36.19,0,0.95,0.95,12.38,14.29
15:28:43 990,0.03,47.83,1844000,2362000,7,17913,-1419,330,4.224559,-5.99,2.17,5.43,4.35,5.43,17.39,4.35,5.43,5.43,13.04,28.26
15:28:44 110,0.03,58.51,1844000,2362000,8,17913,-1660,330,4.209497,-6.99,3.19,5.32,6.38,6.38,21.28,9.57,9.57,8.51,10.64,38.3
15:28:44 226,0.03,50.56,1844000,2362000,4,17913,-1702,330,4.205875,-7.16,4.49,2.25,4.49,5.62,16.85,6.74,8.99,6.74,6.74,29.21
15:28:44 341,0.03,60.22,1402000,2362000,12,17913,-1665,330,4.208056,-7.01,7.53,5.38,7.53,6.45,26.88,10.75,9.68,9.68,9.68,39.78
15:28:44 463,0.03,54.35,1402000,2362000,11,17913,-1564,330,4.213961,-6.59,3.26,4.35,5.43,4.35,17.39,8.7,6.52,9.78,8.7,33.7
15:28:44 580,0.03,52.43,1709000,2362000,6,17913,-1515,330,4.217177,-6.39,6.8,5.83,6.8,5.83,25.24,7.77,7.77,5.83,7.77,29.13
15:28:44 699,0.03,47.31,1844000,2362000,14,17913,-1310,330,4.229358,-5.54,9.68,7.53,9.68,7.53,34.41,10.75,0,1.08,2.15,13.98
15:28:44 821,0.03,25.81,1844000,2362000,13,17913,-1026,330,4.247343,-4.36,5.38,5.38,5.38,3.23,19.35,3.23,1.08,1.08,0,5.38
15:28:44 942,0.03,16.67,1844000,903000,11,10243,-623,330,4.272111,-2.66,1.96,4.9,3.92,3.92,14.71,0,0,0,0.98,0.98
15:28:45 060,0.03,21.74,1709000,903000,17,6576,-466,330,4.282622,-2,5.43,4.35,4.35,6.52,20.65,0,0,0,1.09,1.09
15:28:45 200,0.03,32,1844000,2362000,14,6576,-408,330,4.286502,-1.75,9,6,7,5,27,0,3,2,0,5
15:28:45 342,0.03,69.49,1844000,2362000,10,17913,-989,330,4.25132,-4.2,9.32,11.02,11.02,11.86,43.22,4.24,3.39,11.02,9.32,27.97
15:28:45 467,0.03,52.48,1844000,2362000,14,17913,-1409,330,4.224748,-5.95,4.95,6.93,4.95,6.93,23.76,5.94,3.96,11.88,5.94,27.72
15:28:45 585,0.03,52.63,1844000,2362000,11,17913,-1293,330,4.231834,-5.47,8.42,7.37,6.32,9.47,31.58,2.11,3.16,10.53,5.26,21.05
15:28:45 699,0.03,51.65,1844000,2362000,14,17913,-1601,330,4.212678,-6.74,4.4,5.49,4.4,4.4,18.68,7.69,7.69,6.59,7.69,29.67
15:28:45 813,0.03,48.24,1844000,2362000,8,17913,-1602,330,4.211581,-6.75,3.53,2.35,5.88,3.53,15.29,9.41,7.06,11.76,9.41,37.65
15:28:45 937,0.03,48.24,1844000,2362000,12,17913,-1648,330,4.208961,-6.94,2.35,2.35,3.53,3.53,11.76,8.24,9.41,8.24,9.41,35.29
15:28:46 052,0.03,48.98,1844000,2362000,14,17913,-1612,330,4.210944,-6.79,3.06,6.12,5.1,5.1,19.39,10.2,6.12,8.16,7.14,31.63
15:28:46 187,0.03,46.46,1402000,2362000,14,17913,-1579,330,4.213228,-6.65,3.03,4.04,5.05,7.07,19.19,10.1,5.05,4.04,5.05,24.24
15:28:46 305,0.03,41.51,1844000,2362000,15,17913,-1013,330,4.247678,-4.3,5.66,9.43,7.55,8.49,31.13,8.49,0.94,0.94,0.94,11.32
15:28:46 420,0.03,13.33,1402000,2362000,11,17913,-636,330,4.270878,-2.72,3.33,3.33,3.33,4.44,14.44,0,0,0,0,0
15:28:46 538,0.03,16.67,1402000,903000,8,11942,-564,330,4.275966,-2.41,3.33,3.33,3.33,4.44,14.44,0,0,0,0,0
15:28:46 665,0.03,27.27,1709000,1805000,8,6576,-432,330,4.284432,-1.85,6.06,8.08,4.04,6.06,24.24,1.01,1.01,0,0,2.02
15:28:46 796,0.03,33.33,1844000,2362000,15,11942,-440,330,4.284415,-1.89,8.08,7.07,8.08,6.06,29.29,1.01,5.05,0,0,6.06
15:28:46 913,0.03,49.48,1844000,2362000,9,17913,-725,330,4.267355,-3.09,8.25,6.19,7.22,7.22,28.87,1.03,12.37,3.09,4.12,20.62
15:28:47 032,0.03,47.25,1844000,2362000,9,17913,-1111,330,4.243491,-4.71,5.49,4.4,5.49,4.4,19.78,6.59,13.19,3.3,5.49,28.57
15:28:47 166,0.03,58.24,1402000,2362000,7,17913,-1468,330,4.220894,-6.2,4.4,5.49,6.59,3.3,19.78,9.89,8.79,9.89,9.89,38.46
15:28:47 286,0.03,52.83,999000,2362000,16,17913,-1546,330,4.21484,-6.52,7.55,3.77,3.77,6.6,21.7,7.55,7.55,8.49,6.6,30.19
15:28:47 406,0.03,52.69,1709000,2362000,6,17913,-1475,330,4.219056,-6.22,6.45,5.38,5.38,2.15,19.35,7.53,7.53,7.53,11.83,34.41
15:28:47 531,0.03,53.47,1402000,2362000,9,17913,-1531,330,4.215572,-6.45,2.97,4.95,2.97,6.93,17.82,8.91,8.91,8.91,7.92,34.65
15:28:47 658,0.03,47.42,1709000,2362000,0,17913,-1568,330,4.213167,-6.61,4.12,7.22,3.09,4.12,18.56,7.22,7.22,7.22,8.25,29.9
15:28:47 777,0.03,43.43,1709000,2362000,9,17913,-1401,330,4.222969,-5.92,6.06,5.05,9.09,9.09,29.29,9.09,0,1.01,1.01,11.11
15:28:47 896,0.03,19.57,999000,2362000,12,17913,-801,330,4.260126,-3.41,6.52,3.26,7.61,5.43,22.83,0,0,0,0,0
15:28:48 021,0.03,20.83,999000,903000,9,17913,-553,330,4.275904,-2.36,5.21,2.08,5.21,6.25,18.75,0,0,0,0,0
15:28:48 143,0.03,32.67,1709000,903000,10,6576,-517,330,4.27856,-2.21,5.94,11.88,5.94,6.93,30.69,0.99,1.98,0,0,2.97
15:28:48 282,0.03,37.61,1844000,2362000,9,10243,-425,330,4.28425,-1.82,5.5,8.26,8.26,8.26,30.28,0,6.42,0,0,6.42
15:28:48 404,0.03,49.49,1844000,2362000,10,17913,-831,330,4.260233,-3.54,8.08,9.09,10.1,10.1,37.37,0,13.13,1.01,1.01,15.15
15:28:48 524,0.03,49.49,1844000,2362000,14,17913,-1246,330,4.234429,-5.28,6.06,4.04,6.06,5.05,21.21,5.05,12.12,6.06,4.04,27.27
15:28:48 639,0.03,56.32,1844000,2362000,7,17913,-1577,330,4.213401,-6.64,3.45,2.3,5.75,3.45,14.94,10.34,11.49,10.34,10.34,42.53
15:28:48 754,0.03,53.68,1844000,2362000,2,17913,-1778,330,4.199993,-7.47,2.11,4.21,6.32,4.21,16.84,10.53,7.37,8.42,10.53,36.84
15:28:48 869,0.03,50,1709000,2362000,14,17913,-1670,330,4.206614,-7.03,4.55,6.82,3.41,4.55,19.32,7.95,9.09,7.95,4.55,29.55
15:28:48 989,0.03,50,1709000,2362000,13,17913,-1496,330,4.217131,-6.31,5.68,3.41,4.55,6.82,20.45,6.82,9.09,6.82,7.95,30.68
15:28:49 102,0.03,48.91,1844000,2362000,14,17913,-1557,330,4.213105,-6.56,4.35,4.35,3.26,2.17,14.13,8.7,8.7,9.78,8.7,35.87
15:28:49 223,0.03,44.68,1709000,2362000,14,17913,-1536,330,4.214355,-6.47,5.32,5.32,5.32,6.38,22.34,3.19,3.19,10.64,3.19,20.21
15:28:49 342,0.03,20.88,1844000,2362000,19,17913,-1139,330,4.237934,-4.83,3.3,5.49,5.49,4.4,18.68,1.1,0,1.1,0,2.2
15:28:49 466,0.03,18,999000,2362000,7,17913,-639,330,4.269833,-2.73,4,6,4,4,18,0,0,0,0,0
15:28:49 584,0.03,21.28,1709000,903000,13,11942,-576,330,4.275568,-2.46,1.06,6.38,5.32,8.51,21.28,0,0,0,0,0
15:28:49 715,0.03,29.41,1402000,2362000,13,6576,-504,330,4.27912,-2.16,4.9,6.86,6.86,6.86,25.49,0,0,4.9,0,4.9
15:28:49 835,0.03,48.91,1844000,2362000,17,17913,-662,330,4.269982,-2.83,10.87,8.7,7.61,9.78,36.96,0,2.17,1.09,8.7,11.96
15:28:49 954,0.03,47.31,1844000,2362000,7,17913,-1194,330,4.237568,-5.06,3.23,5.38,4.3,4.3,17.2,5.38,6.45,5.38,12.9,30.11
15:28:50 069,0.03,54.64,1844000,2362000,9,17913,-1453,330,4.220728,-6.13,7.22,3.09,3.09,5.15,18.56,9.28,7.22,8.25,9.28,34.02
15:28:50 185,0.03,56.25,1844000,2362000,14,17913,-1875,330,4.194209,-7.86,4.17,3.12,7.29,5.21,19.79,9.38,9.38,7.29,9.38,35.42
15:28:50 320,0.03,51.14,999000,2362000,14,17913,-1607,330,4.21014,-6.77,1.14,4.55,2.27,5.68,13.64,9.09,7.95,10.23,11.36,38.64
15:28:50 435,0.03,60,1709000,2362000,10,17913,-1593,330,4.210674,-6.71,6.67,7.62,5.71,6.67,26.67,7.62,9.52,9.52,7.62,34.29
15:28:50 551,0.03,51.06,1402000,2362000,2,17913,-1538,330,4.214183,-6.48,3.19,3.19,2.13,5.32,13.83,9.57,8.51,9.57,9.57,37.23
15:28:50 677,0.03,47.92,1402000,2362000,10,17913,-1545,330,4.213691,-6.51,7.29,6.25,6.25,6.25,26.04,4.17,4.17,10.42,3.12,21.88
15:28:50 791,0.03,33.33,1844000,2362000,12,17913,-1147,330,4.257418,-4.88,5.05,6.06,7.07,6.06,24.24,0,0,5.05,0,5.05
15:28:50 910,0.03,18.68,999000,2362000,6,17913,-563,330,4.274368,-2.41,4.4,6.59,5.49,3.3,19.78,0,0,0,0,0
15:28:51 049,0.03,20.83,1402000,903000,7,10243,-489,330,4.279628,-2.09,5.21,5.21,6.25,4.17,20.83,0,0,0,0,0
15:28:51 175,0.03,31.48,1844000,2362000,23,10243,-413,330,4.284611,-1.77,9.26,4.63,6.48,6.48,26.85,0,1.85,4.63,0.93,7.41
15:28:51 301,0.03,44.23,1844000,2362000,8,17913,-609,330,4.273319,-2.6,7.69,9.62,9.62,7.69,34.62,0,0,7.69,0,7.69
15:28:51 414,0.03,50,1844000,2362000,14,17913,-802,330,4.26105,-3.42,3.19,8.51,6.38,7.45,25.53,3.19,3.19,12.77,5.32,24.47
15:28:51 548,0.03,50,1709000,2362000,11,17913,-1376,330,4.225686,-5.81,3.92,2.94,2.94,6.86,16.67,8.82,7.84,9.8,6.86,33.33
15:28:51 663,0.03,55.91,1844000,2362000,8,17913,-1588,330,4.211891,-6.69,4.3,5.38,5.38,7.53,22.58,8.6,6.45,7.53,9.68,32.26
15:28:51 783,0.03,52.22,1844000,2362000,10,17913,-1676,330,4.205648,-7.05,5.56,2.22,4.44,4.44,16.67,8.89,10,8.89,8.89,36.67
15:28:51 913,0.03,50.48,1844000,2362000,7,17913,-1600,330,4.209733,-6.74,2.86,6.67,5.71,2.86,18.1,6.67,9.52,8.57,9.52,34.29
15:28:52 026,0.03,45.88,1709000,2362000,8,17913,-1535,330,4.213656,-6.47,3.53,1.18,5.88,4.71,15.29,10.59,5.88,7.06,5.88,29.41
15:28:52 156,0.03,43.33,1402000,2362000,19,17913,-1470,330,4.217578,-6.2,4.44,5.56,6.67,5.56,22.22,5.56,3.33,5.56,8.89,23.33
15:28:52 271,0.03,33,1844000,2362000,7,17913,-1064,330,4.242269,-4.51,8,7,5,7,27,0,0,0,6,6
15:28:52 386,0.03,15.73,1402000,903000,14,11942,-640,330,4.268737,-2.73,5.62,3.37,4.49,2.25,15.73,0,0,0,0,0
15:28:52 528,0.03,22.02,1709000,903000,12,6576,-499,330,4.278092,-2.13,4.59,3.67,9.17,4.59,22.02,0,0,0,0,0
15:28:52 650,0.03,30.11,1844000,903000,18,6576,-406,330,4.284205,-1.74,4.3,5.38,6.45,9.68,25.81,0,1.08,0,0,1.08
15:28:52 774,0.03,44.68,1844000,2362000,2,17913,-456,330,4.281464,-1.95,9.57,7.45,9.57,8.51,35.11,1.06,11.7,1.06,0,13.83
15:28:52 891,0.03,49.5,1844000,2362000,13,17913,-1299,330,4.229746,-5.49,5.94,5.94,3.96,4.95,20.79,6.93,11.88,3.96,4.95,27.72
15:28:53 016,0.03,49.45,999000,2362000,27,17913,-1542,330,4.214287,-6.5,2.2,2.2,3.3,5.49,13.19,6.59,12.09,7.69,7.69,34.07
15:28:53 138,0.03,59.18,1402000,2362000,20,17913,-1800,330,4.197198,-7.55,6.12,6.12,8.16,4.08,24.49,7.14,9.18,12.24,8.16,36.73
15:28:53 259,0.03,51.69,1402000,2362000,8,17913,-1600,330,4.209733,-6.74,2.25,1.12,7.87,5.62,16.85,7.87,8.99,6.74,7.87,31.46
15:28:53 374,0.03,53.12,1709000,2362000,7,17913,-1401,330,4.221846,-5.91,4.17,4.17,5.21,4.17,17.71,9.38,9.38,8.33,8.33,35.42
15:28:53 489,0.03,50.54,1709000,2362000,7,17913,-1590,330,4.210146,-6.69,3.23,4.3,5.38,2.15,15.05,8.6,7.53,10.75,9.68,36.56
15:28:53 623,0.03,42.39,1402000,2362000,7,17913,-1562,330,4.211215,-6.58,3.26,5.43,5.43,4.35,18.48,8.7,4.35,7.61,3.26,23.91
15:28:53 739,0.03,29.41,1844000,2362000,14,17913,-1234,330,4.231199,-5.22,6.86,4.9,5.88,7.84,25.49,4.9,0,0,0,4.9
15:28:53 852,0.03,17.2,1709000,2362000,8,17913,-748,330,4.261892,-3.19,2.15,4.3,5.38,4.3,16.13,0,0,0,0,0
15:28:53 975,0.03,16.85,1709000,903000,8,17913,-561,330,4.273643,-2.4,5.62,3.37,5.62,2.25,16.85,0,0,0,0,0
15:28:54 098,0.03,29.13,1844000,903000,19,10243,-529,330,4.276402,-2.26,6.8,5.83,5.83,8.74,27.18,0.97,2.91,0,0.97,4.85
15:28:54 226,0.03,44.68,1844000,2362000,8,11942,-659,330,4.269007,-2.81,7.45,7.45,7.45,9.57,31.91,0,11.7,1.06,1.06,13.83
15:28:54 345,0.03,48.98,1844000,2362000,14,17913,-1075,330,4.243228,-4.56,3.06,5.1,7.14,6.12,21.43,3.06,13.27,4.08,4.08,24.49
15:28:54 482,0.03,52.75,1844000,2362000,14,17913,-1437,330,4.219864,-6.06,6.59,3.3,3.3,5.49,18.68,9.89,7.69,6.59,9.89,34.07
15:28:54 597,0.03,53.21,1844000,2362000,14,17913,-1845,330,4.194552,-7.74,4.59,3.67,6.42,8.26,22.94,7.34,7.34,7.34,8.26,30.28
15:28:54 710,0.03,52.27,1844000,2362000,7,17913,-1585,330,4.209792,-6.67,4.55,3.41,5.68,2.27,15.91,10.23,9.09,9.09,7.95,36.36
15:28:54 825,0.03,46.99,1402000,2362000,7,17913,-1627,330,4.207068,-6.84,1.2,6.02,2.41,3.61,13.25,7.23,8.43,8.43,9.64,33.73
15:28:54 950,0.03,54.26,1709000,2362000,1,17913,-1599,330,4.208585,-6.73,5.32,3.19,7.45,4.26,20.21,8.51,8.51,7.45,8.51,32.98
15:28:55 070,0.03,45.1,1844000,2362000,3,17913,-1452,330,4.218009,-6.12,5.88,4.9,3.92,4.9,19.61,10.78,4.9,5.88,4.9,26.47
15:28:55 187,0.03,28.26,1844000,2362000,8,17913,-1396,330,4.253881,-5.94,3.26,4.35,6.52,5.43,19.57,5.43,0,0,0,5.43
15:28:55 313,0.03,19.15,1402000,903000,7,17913,-577,330,4.271813,-2.46,6.38,5.32,3.19,5.32,20.21,0,0,1.06,0,1.06
15:28:55 433,0.03,23.96,1709000,903000,8,6576,-496,330,4.27734,-2.12,4.17,6.25,7.29,6.25,23.96,0,0,0,1.04,1.04
15:28:55 567,0.03,35.92,1844000,2362000,19,10243,-472,330,4.279411,-2.02,6.8,4.85,6.8,6.8,25.24,6.8,0.97,0,0,7.77
15:28:55 683,0.03,51.04,1844000,2362000,14,17913,-806,330,4.259133,-3.43,9.38,8.33,9.38,9.38,36.46,12.5,1.04,2.08,1.04,16.67
15:28:55 805,0.03,48.39,1402000,2362000,14,17913,-1152,330,4.238046,-4.88,4.3,4.3,6.45,4.3,19.35,12.9,5.38,6.45,7.53,32.26
15:28:55 930,0.03,58.1,1709000,2362000,16,17913,-1416,330,4.221114,-5.98,6.67,2.86,3.81,6.67,20,11.43,10.48,6.67,8.57,37.14
15:28:56 044,0.03,56.25,1844000,2362000,12,17913,-1757,330,4.199447,-7.38,4.17,2.08,7.29,4.17,17.71,8.33,9.38,9.38,9.38,36.46
15:28:56 166,0.03,51.11,1709000,2362000,7,17913,-1645,330,4.205515,-6.92,3.33,4.44,6.67,4.44,18.89,7.78,10,7.78,7.78,33.33
15:28:56 287,0.03,51,1844000,2362000,15,17913,-1493,330,4.210128,-6.29,4,4,7,3,18,9,9,9,8,35
15:28:56 402,0.03,47.31,1844000,2362000,5,17913,-1609,330,4.207723,-6.77,4.3,2.15,5.38,3.23,15.05,7.53,9.68,6.45,8.6,32.26
15:28:56 523,0.03,42.86,1709000,2362000,15,17913,-1467,330,4.216603,-6.19,4.4,4.4,5.49,6.59,20.88,2.2,4.4,4.4,10.99,21.98
15:28:56 639,0.03,19.59,1709000,2362000,7,17913,-736,330,4.260905,-3.14,4.12,4.12,4.12,3.09,15.46,0,1.03,0,0,1.03
15:28:56 752,0.03,13.64,1709000,903000,8,17913,-576,330,4.271563,-2.46,5.68,4.55,2.27,3.41,15.91,0,0,0,0,0
15:28:56 868,0.03,25,1844000,903000,14,6576,-497,330,4.276917,-2.13,3.26,9.78,5.43,3.26,21.74,0,1.09,1.09,1.09,3.26
15:28:57 010,0.03,29.35,1844000,2362000,24,10243,-464,330,4.279427,-1.99,6.52,4.35,6.52,5.43,22.83,0,0,4.35,1.09,5.43
15:28:57 129,0.03,49.54,1844000,2362000,9,17913,-666,330,4.267393,-2.84,8.26,11.01,8.26,8.26,35.78,0,0.92,11.93,1.83,14.68
15:28:57 251,0.03,49.49,1402000,2362000,10,17913,-1031,330,4.244779,-4.38,4.04,4.04,5.05,5.05,18.18,6.06,6.06,12.12,5.05,29.29
15:28:57 370,0.03,57.61,1402000,2362000,6,17913,-1438,330,4.219216,-6.07,4.35,4.35,6.52,2.17,17.39,9.78,9.78,10.87,10.87,41.3
15:28:57 502,0.03,48.89,1709000,2362000,12,17913,-1788,330,4.197111,-7.5,7.78,4.44,6.67,5.56,24.44,5.56,5.56,6.67,4.44,22.22
15:28:57 622,0.03,51.96,1402000,2362000,12,17913,-1588,330,4.208748,-6.68,3.92,1.96,5.88,4.9,16.67,8.82,8.82,6.86,9.8,34.31
15:28:57 742,0.03,51.02,1709000,2362000,11,17913,-1442,330,4.217749,-6.08,2.04,5.1,4.08,5.1,16.33,8.16,8.16,9.18,10.2,35.71
15:28:57 874,0.03,47.57,1709000,2362000,17,17913,-1543,330,4.211395,-6.5,4.85,1.94,3.88,5.83,16.5,7.77,6.8,4.85,9.71,29.13
15:28:57 996,0.03,45.05,1844000,2362000,15,17913,-1450,330,4.216834,-6.11,5.49,7.69,6.59,7.69,27.47,1.1,2.2,2.2,12.09,17.58